Season,TeamName,Tempo,RankTempo,AdjTempo,RankAdjTempo,OE,RankOE,AdjOE,RankAdjOE,DE,RankDE,AdjDE,RankAdjDE,AdjEM,RankAdjEM
2021,Out,0,0,0,70,0,0,0,0,0,0,0,0,-10000,0
2021,Abilene Christian,71.6065,75,69.974,101,106.373,73,103.778,157,86.3925,1,92.2693,30,11.5087,85
2021,Air Force,63.9145,341,63.1243,349,92.1076,319,95.2022,299,112.554,337,109.82,322,-14.6181,329
2021,Akron,69.9086,142,68.801,156,108.567,43,109.494,72,102.99,221,99.8865,139,9.6075,99
2021,Alabama,75.3668,7,74.24,7,105.642,84,112.165,36,92.0821,16,85.6357,1,26.5297,8
2021,Alabama A&M,69.9672,139,67.8267,210,88.2408,341,85.1402,354,94.3829,33,105.183,256,-20.0432,348
2021,Alabama St.,72.35,48,71.0986,64,88.7809,338,84.6836,356,98.676,96,109.807,321,-25.1234,354
2021,Albany,69.6695,150,69.9119,105,99.3743,206,98.0455,260,98.7827,100,103.143,207,-5.09798,234
2021,Alcorn St.,71.1493,92,69.7328,111,93.3911,307,91.2774,337,105.749,275,109.603,320,-18.3257,346
2021,American,67.7295,238,67.6846,223,97.2799,252,97.386,271,104.022,242,105.167,255,-7.78141,261
2021,Appalachian St.,66.0679,308,65.7017,309,100.327,189,100.143,228,101.33,166,103.087,205,-2.94395,209
2021,Arizona,68.2874,211,68.0445,196,109.611,34,114.151,26,99.7887,127,96.8137,86,17.337,44
2021,Arizona St.,72.5746,45,72.8349,23,101.415,168,107.222,102,105.508,269,99.5949,129,7.62756,114
2021,Arkansas,75.3323,8,73.0681,17,108.753,39,112.32,34,93.4594,23,89.3963,15,22.9236,18
2021,Arkansas Pine Bluff,69.4302,168,67.2779,239,88.4297,340,91.5058,335,109.74,320,114.163,355,-22.6574,351
2021,Arkansas St.,69.15,177,67.9343,205,99.682,202,99.7283,235,102.533,209,106.347,274,-6.6185,251
2021,Army,69.9251,141,68.379,181,100.851,182,99.4065,239,100.723,153,100.548,156,-1.14174,190
2021,Auburn,73.3981,30,71.2576,55,104.136,110,112.118,37,102.899,218,97.6959,102,14.4217,63
2021,Austin Peay,68.6263,196,67.0882,248,105.545,86,104.648,135,103.343,227,107.995,302,-3.34679,215
2021,Ball St.,72.104,56,70.9906,68,102.735,146,104.256,143,103.684,232,100.407,153,3.84915,138
2021,Baylor,70.2185,123,68.4062,178,119.43,2,124.014,3,94.472,35,93.135,44,30.8785,4
2021,Bellarmine,65.4292,322,64.7063,333,111.008,23,108.11,90,104.34,245,107.947,300,0.16286,183
2021,Belmont,71.8891,65,71.067,65,113.007,12,110.259,61,96.1514,55,101.072,167,9.18675,104
2021,Bethune Cookman,0,348,72.5337,25,0,348,90.966,341,200,348,111.629,341,-20.663,349
2021,Binghamton,66.1369,305,66.2648,287,97.0683,257,97.8936,263,107.511,297,111.397,339,-13.5033,322
2021,Boise St.,69.8849,143,69.4142,126,108.042,52,109.873,68,95.6521,50,94.9572,63,14.9161,60
2021,Boston College,71.8469,67,71.1375,61,98.6866,220,105.716,122,109.915,323,102.516,198,3.19974,143
2021,Boston University,67.6889,242,65.8855,304,102.608,147,101.244,207,109.222,316,108.197,307,-6.95272,255
2021,Bowling Green,72.2045,53,70.4424,88,107.081,59,107.925,94,103.91,239,101.376,179,6.54934,121
2021,Bradley,65.8918,315,66.2052,290,101.087,177,104.15,147,102.53,208,100.72,158,3.42938,141
2021,Brown,0,348,69.9117,106,0,348,96.028,289,200,348,101.863,183,-5.835,244
2021,Bryant,75.5113,6,73.611,14,107.685,57,104.434,139,98.1263,83,103.319,210,1.1152,174
2021,Bucknell,73.0719,34,72.2203,31,102.372,150,98.0731,258,105.929,278,106.865,286,-8.79181,275
2021,Buffalo,74.4971,12,73.6193,13,108.587,42,108.009,92,97.1363,67,94.2615,56,13.747,68
2021,Butler,65.1493,329,64.8994,330,96.1219,273,103.514,164,103.968,240,96.1868,80,7.3273,116
2021,BYU,70.3849,115,67.9967,199,108.904,38,113.853,28,96.3259,57,91.5105,26,22.3422,23
2021,Cal Baptist,71.0815,93,70.8509,77,106.615,68,104.507,138,107.084,289,110.279,329,-5.77174,243
2021,Cal Poly,67.9235,232,67.1146,246,87.5531,342,90.1034,346,105.638,271,105.563,264,-15.4598,334
2021,Cal St. Bakersfield,65.2712,326,63.9501,344,103.461,128,104.521,137,99.9837,132,101.186,171,3.33566,142
2021,Cal St. Fullerton,72.3135,50,72.0783,37,104.215,108,101.733,195,108.86,312,109.2,316,-7.46661,259
2021,Cal St. Northridge,70.4412,113,70.4606,87,100.112,193,101.559,200,109.716,319,110.248,328,-8.68856,273
2021,California,65.8357,316,65.0808,320,98.209,230,104.079,150,105.84,276,100.081,143,3.9982,136
2021,Campbell,64.8191,334,64.2457,339,104.573,99,103.695,161,102.707,214,106.565,278,-2.86949,208
2021,Canisius,71.5346,81,70.9175,75,98.4265,226,99.901,232,99.2936,116,105.995,270,-6.09409,250
2021,Central Arkansas,73.7864,23,71.1636,59,95.1339,286,97.8506,265,112.35,336,113.044,350,-15.1938,332
2021,Central Connecticut,71.9214,63,70.6498,83,95.2514,283,93.6225,315,107.418,294,110.57,333,-16.9474,339
2021,Central Michigan,73.8206,22,72.3758,27,100.02,194,101.157,209,110.889,330,109.934,324,-8.77673,274
2021,Charleston,64.3238,338,63.8632,345,103.499,126,103.069,168,106.415,282,107.463,293,-4.39441,226
2021,Charleston Southern,70.1756,125,69.9047,108,91.0009,329,90.6507,342,105.683,272,107.326,291,-16.6752,337
2021,Charlotte,64.3394,337,62.9928,351,96.4077,269,97.9241,262,101.341,168,102.9,201,-4.97627,233
2021,Chattanooga,68.0717,222,66.7328,268,103.306,129,103.697,160,101.555,177,101.318,176,2.37823,156
2021,Chicago St.,71.1542,91,67.7718,215,78.0041,346,89.0259,348,123.819,347,117.009,356,-27.9831,356
2021,Cincinnati,71.4136,84,71.123,62,97.6387,243,104.168,146,99.8763,129,96.1068,77,8.06102,110
2021,Clemson,64.8682,333,64.2479,338,100.131,192,107.632,99,95.3828,45,90.0659,19,17.5666,42
2021,Cleveland St.,67.664,244,66.3188,282,103.581,124,101.6,199,101.464,172,98.8422,121,2.75803,150
2021,Coastal Carolina,71.2499,90,70.9431,70,104.035,111,100.966,212,96.0323,53,99.9363,140,1.02932,175
2021,Colgate,72.5191,46,72.901,20,118.323,3,110.437,58,93.1484,21,99.474,126,10.9628,86
2021,Colorado,66.2458,299,66.3771,280,110.094,27,115.163,17,95.8568,51,92.0809,29,23.0817,17
2021,Colorado St.,69.2228,174,69.5016,121,106.721,65,108.669,80,93.7252,24,94.2564,55,14.4123,64
2021,Columbia,0,348,69.1477,141,0,348,95.493,297,200,348,104.879,248,-9.386,282
2021,Connecticut,66.4535,293,66.0532,301,108.197,50,114.33,24,96.6577,63,91.0238,25,23.3063,16
2021,Coppin St.,79.3688,1,77.1308,1,91.5958,324,91.6343,332,100.215,138,101.322,177,-9.68717,287
2021,Cornell,0,348,67.0427,249,0,348,102.178,182,200,348,105.51,262,-3.332,214
2021,Creighton,69.5619,159,69.0804,145,109.643,32,115.619,14,97.5105,73,92.9091,39,22.7097,19
2021,Dartmouth,0,348,66.7857,264,0,348,95.667,293,200,348,104.5,239,-8.833,276
2021,Davidson,63.5368,344,62.9118,352,110.441,25,114.962,18,100.49,148,99.6883,130,15.2734,58
2021,Dayton,66.3475,294,66.2418,288,102.886,142,109.156,77,99.0536,110,97.0055,89,12.1506,80
2021,Delaware,67.1964,268,66.8415,259,99.3267,207,97.9373,261,99.4357,122,102.087,187,-4.14975,225
2021,Delaware St.,77.2405,2,73.633,12,90.2541,332,91.5889,333,113.185,339,114.143,354,-22.5536,350
2021,Denver,71.4343,82,71.2,56,95.5809,278,94.1151,308,110.743,329,112.243,346,-18.1275,343
2021,DePaul,70.6216,108,70.926,74,91.3076,327,98.4075,253,100.505,150,93.6116,47,4.7959,133
2021,Detroit,68.1137,218,67.4524,230,112.338,16,110.443,57,107.905,301,107.49,294,2.95277,147
2021,Dixie St.,73.9132,21,73.3875,16,91.5933,325,91.5695,334,105.603,270,106.591,280,-15.0214,331
2021,Drake,66.2207,301,66.7772,265,114.165,7,114.688,19,97.8564,77,98.662,120,16.0264,53
2021,Drexel,65.9441,313,64.2425,340,108.611,41,107.882,96,101.644,180,104.875,247,3.00731,145
2021,Duke,69.0734,180,68.8816,154,109.619,33,115.554,15,101.786,188,95.9737,75,19.5801,33
2021,Duquesne,68.3556,205,69.2126,139,97.7272,241,102.616,177,98.0252,82,95.8432,73,6.77274,120
2021,East Carolina,68.6974,190,68.1709,189,94.6188,289,99.8972,233,98.5661,93,98.1516,110,1.74565,165
2021,East Tennessee St.,67.1188,274,65.7024,308,101.853,158,103.839,156,99.9711,131,98.1703,112,5.66859,126
2021,Eastern Illinois,70.1097,131,69.2257,137,97.3806,248,96.2844,283,105.256,266,107.754,298,-11.4696,309
2021,Eastern Kentucky,75.6129,4,75.1255,2,104.457,101,101.814,192,97.3014,70,100.595,157,1.21975,172
2021,Eastern Michigan,69.9425,140,68.4011,179,96.5918,266,98.0748,257,114.737,343,107.174,288,-9.09904,278
2021,Eastern Washington,71.2932,88,72.3668,28,109.304,35,108.419,86,98.1596,84,100.364,152,8.05475,111
2021,Elon,66.3264,295,66.792,261,98.0632,233,97.5384,270,98.8913,107,99.7527,134,-2.21431,199
2021,Evansville,62.3137,346,62.3137,355,102.275,153,106.398,114,109.935,324,108.983,314,-2.58526,204
2021,Fairfield,65.2532,328,64.6407,335,94.0323,300,95.4935,296,101.51,174,106.757,283,-11.2635,308
2021,Fairleigh Dickinson,71.9483,62,71.001,67,103.081,137,101.808,193,108.254,305,111.766,342,-9.95781,290
2021,FIU,71.594,77,70.665,82,96.6269,264,97.8876,264,107.455,296,108.277,308,-10.3891,296
2021,Florida,70.6908,103,68.6613,165,104.562,100,111.723,39,98.8706,106,92.7694,37,18.9537,37
2021,Florida A&M,70.8319,99,68.7039,164,92.8804,316,90.967,340,96.5625,61,100.152,146,-9.18462,280
2021,Florida Atlantic,69.0631,181,68.4163,177,103.156,135,102.462,180,99.7366,125,102.212,191,0.250063,182
2021,Florida Gulf Coast,71.3164,86,70.9557,69,95.4258,281,93.89,312,99.0523,109,103.669,218,-9.77919,288
2021,Florida St.,70.3595,118,70.5765,84,111.363,20,117.186,10,98.9496,108,93.7195,48,23.4664,15
2021,Fordham,64.2598,339,64.0679,343,80.6245,345,87.2865,352,103.177,223,98.1057,107,-10.8192,302
2021,Fresno St.,66.1247,306,66.0721,299,97.6322,244,100.631,218,103.174,222,101.128,169,-0.497121,187
2021,Furman,69.9818,138,67.9421,203,111.113,22,110.584,56,100.471,146,100.195,147,10.3885,91
2021,Gardner Webb,66.9798,278,66.9993,253,106.615,69,105.249,125,102.114,194,104.615,241,0.633731,179
2021,George Mason,69.1602,176,68.4242,176,100.423,186,102.042,186,98.8228,103,97.1561,92,4.88584,131
2021,George Washington,68.9316,182,68.1701,190,97.9233,238,102.574,178,104.602,252,106.707,282,-4.13353,224
2021,Georgetown,70.1451,128,69.6576,113,101.239,172,108.436,85,100.383,142,92.9788,41,15.4571,55
2021,Georgia,75.5388,5,73.4892,15,101.867,157,108.654,81,103.263,226,98.5305,118,10.1232,93
2021,Georgia Southern,67.3135,261,67.0268,250,95.2295,284,94.6476,303,101.112,161,103.041,204,-8.39299,270
2021,Georgia St.,70.5642,110,70.8568,76,106.601,70,106.214,117,102.099,191,103.639,217,2.57517,153
2021,Georgia Tech,68.0089,226,67.7824,214,108.198,49,114.076,27,100.068,134,94.1288,52,19.9476,32
2021,Gonzaga,75.2784,9,74.7878,4,122.395,1,126.854,1,91.6576,13,88.8341,11,38.0201,1
2021,Grambling St.,71.7425,71,70.096,95,93.3445,309,92.262,327,96.1727,56,105.867,268,-13.6046,323
2021,Grand Canyon,66.7431,286,65.4941,314,106.694,66,104.303,142,92.4329,17,95.923,74,8.38002,108
2021,Green Bay,67.6996,240,66.2683,286,103.04,138,103.431,165,109.937,325,109.33,318,-5.89908,245
2021,Hampton,70.031,134,70.7363,80,98.451,225,95.6914,292,105.019,257,109.539,319,-13.8476,325
2021,Hartford,66.4658,292,66.7195,269,99.1816,210,98.2382,254,95.4155,47,99.5636,127,-1.32541,192
2021,Harvard,0,348,68.2947,185,0,348,102.681,176,200,348,102.126,190,0.555,180
2021,Hawaii,67.3233,260,67.1723,244,101.958,156,101.706,196,102.206,196,103.54,214,-1.8343,196
2021,High Point,67.4101,256,66.4099,278,98.4621,224,96.9421,278,103.182,224,106.282,273,-9.33938,281
2021,Hofstra,68.899,184,68.3739,182,105.841,83,106.631,110,105.384,268,107.256,290,-0.624828,188
2021,Holy Cross,69.8487,145,69.466,123,100.664,184,98.0968,255,108.289,306,108.662,312,-10.5653,299
2021,Houston,66.025,309,65.0569,322,114.816,5,118.811,9,88.761,5,89.6274,16,29.1841,6
2021,Houston Baptist,74.1241,18,72.9003,21,93.9214,303,92.865,322,108.462,307,110.703,334,-17.8381,341
2021,Howard,73.1312,32,69.9603,102,99.7471,198,99.0095,244,116.808,344,111.196,336,-12.1868,314
2021,Idaho,67.4695,255,67.1041,247,89.5461,336,90.4696,343,112.124,335,113.477,352,-23.0077,352
2021,Idaho St.,65.1015,330,64.5336,337,94.5188,294,93.7176,314,98.2464,87,102.071,186,-8.35377,268
2021,Illinois,71.6943,73,70.7692,79,111.896,18,119.471,7,95.1834,44,87.4154,5,32.0559,3
2021,Illinois Chicago,69.5148,162,68.4805,175,96.2689,271,94.1937,307,102.817,215,103.294,209,-9.10077,279
2021,Illinois St.,68.706,189,69.2995,133,96.8305,259,99.3608,240,105.234,265,101.362,178,-2.00081,198
2021,Incarnate Word,67.1747,270,64.958,326,96.4662,267,93.9154,311,107.263,291,111.819,343,-17.9035,342
2021,Indiana,67.2157,264,66.1842,292,100.348,188,110.101,63,100.493,149,92.8947,38,17.2061,46
2021,Indiana St.,66.1531,303,67.1885,243,99.7025,200,103.295,166,99.5196,124,96.3371,81,6.95827,118
2021,Iona,69.8206,146,68.3289,184,103.193,133,101.12,210,94.2201,30,100.751,160,0.369912,181
2021,Iowa,70.9678,97,69.9959,99,117.408,4,124.27,2,101.074,159,93.9757,50,30.2947,5
2021,Iowa St.,70.538,111,70.1806,93,93.0042,313,100.526,223,108.543,308,99.8482,138,0.678014,178
2021,IUPUI,72.6729,42,72.4573,26,98.2129,229,97.2365,274,104.194,243,104.249,230,-7.0129,256
2021,Jackson St.,70.3089,121,68.7615,159,91.8115,322,88.4939,349,87.8507,4,97.1787,93,-8.68479,272
2021,Jacksonville,68.3253,209,67.9497,202,95.4567,280,93.9338,310,101.781,187,104.723,243,-10.7892,300
2021,Jacksonville St.,67.6969,241,66.1339,295,106.119,79,105.732,121,101.3,165,103.558,215,2.17467,158
2021,James Madison,71.5625,79,72.1585,34,104.905,95,104.25,144,100.456,144,103.016,203,1.2342,171
2021,Kansas,69.3839,169,68.2837,186,104.203,109,110.346,59,94.8304,39,87.9325,6,22.4139,22
2021,Kansas St.,66.3165,296,65.7863,307,93.0379,312,99.8277,234,105.096,262,97.5819,99,2.24578,157
2021,Kennesaw St.,69.3292,171,69.6921,112,89.5648,335,88.0431,350,105.383,267,104.563,240,-16.5199,336
2021,Kent St.,70.7474,102,70.0587,98,106.889,63,106.769,109,101.662,182,97.985,106,8.78418,106
2021,Kentucky,70.0251,136,68.3737,183,99.738,199,108.957,78,99.3547,119,92.3189,31,16.6378,49
2021,La Salle,69.4703,167,68.8673,155,96.8037,261,102.77,174,106.216,280,104.437,236,-1.6671,194
2021,Lafayette,70.1645,126,68.7916,158,107.259,58,103.929,153,105.896,277,111.092,335,-7.16353,258
2021,Lamar,69.7698,148,67.8251,211,93.7121,305,93.4472,317,102.327,202,105.113,253,-11.6661,310
2021,Lehigh,71.2653,89,70.3124,89,94.9818,288,92.4994,324,106.829,285,107.955,301,-15.4553,333
2021,Liberty,64.4,336,63.1452,348,113.773,8,110.888,51,96.5376,60,101.111,168,9.77643,97
2021,Lipscomb,67.3275,259,66.3986,279,101.809,159,101.251,206,103.786,236,106.921,287,-5.67016,242
2021,Little Rock,67.9753,227,67.2912,237,99.2458,209,98.8476,246,101.104,160,104.445,238,-5.59772,240
2021,LIU,74.5201,11,74.0244,9,98.8316,217,94.5204,305,98.004,81,102.365,194,-7.84417,263
2021,Long Beach St.,74.3028,16,74.0769,8,96.829,260,97.7538,267,104.26,244,104.379,234,-6.62501,252
2021,Longwood,66.1917,302,65.3452,318,100.238,190,98.7497,248,101.66,181,104.099,228,-5.34921,238
2021,Louisiana,71.3099,87,71.2757,54,102.04,154,100.859,215,101.002,157,103.573,216,-2.71397,206
2021,Louisiana Monroe,67.5904,246,67.4573,229,94.1988,298,93.7742,313,101.25,164,104.737,244,-10.9626,305
2021,Louisiana Tech,70.6532,106,69.4389,124,102.74,145,104.148,149,91.5753,12,92.4302,34,11.7175,82
2021,Louisville,66.0205,310,65.999,303,102.41,149,108.525,84,100.134,136,93.0292,43,15.4957,54
2021,Loyola Chicago,63.4532,345,64.2108,342,110.218,26,111.154,48,87.2641,3,86.0186,2,25.1351,9
2021,Loyola Marymount,67.7098,239,66.2823,285,102.561,148,108.031,91,99.9966,133,98.5508,119,9.48043,102
2021,Loyola MD,68.6492,194,69.154,140,100.954,181,97.021,277,97.858,78,100.129,145,-3.10769,210
2021,LSU,72.9301,36,71.1019,63,112.667,13,120.026,6,102.647,213,99.1996,125,20.8262,29
2021,Maine,65.2861,325,64.9326,328,81.6784,344,86.6098,353,98.4589,91,104.788,246,-18.1783,344
2021,Manhattan,67.5346,252,67.3597,232,91.0808,328,90.2334,345,96.5076,59,102.772,200,-12.5387,315
2021,Marist,66.7827,284,66.4104,277,93.9843,301,92.3205,326,94.3717,31,100.326,151,-8.00498,264
2021,Marquette,68.3794,204,67.7361,218,101.608,163,108.305,87,102.239,198,96.1441,79,12.1611,79
2021,Marshall,73.0754,33,72.9119,19,108.703,40,110.085,64,98.7957,102,99.5669,128,10.5177,90
2021,Maryland,65.6478,318,65.3475,317,103.219,132,111.656,41,99.3084,117,91.5508,27,20.1048,31
2021,Maryland Eastern Shore,0,348,67.9967,200,0,348,84.743,355,200,348,110.477,332,-25.734,355
2021,Massachusetts,72.3493,49,72.0266,40,103.17,134,106.36,115,98.2204,86,98.8642,122,7.49594,115
2021,McNeese St.,71.4181,83,68.7962,157,99.6849,201,96.2396,285,109.321,317,113.828,353,-17.5882,340
2021,Memphis,72.6932,41,72.0718,38,98.9854,214,104.214,145,86.9974,2,86.1819,3,18.0317,39
2021,Mercer,69.4936,164,68.0398,197,106.581,71,106.955,107,102.881,217,101.806,182,5.14959,129
2021,Merrimack,67.9539,229,66.8572,257,96.6076,265,91.8346,330,97.1913,68,100.723,159,-8.88867,277
2021,Miami FL,68.0751,221,68.0883,194,97.0837,256,102.855,172,103.99,241,97.9705,105,4.88462,132
2021,Miami OH,67.7595,237,66.1033,297,105.637,85,106.948,108,105.746,274,103.951,226,2.99712,146
2021,Michigan,67.547,250,66.8357,260,112.349,15,120.2,5,96.3266,58,88.0215,7,32.1786,2
2021,Michigan St.,69.1421,178,68.6483,166,99.5046,205,107.745,97,102.259,199,92.342,33,15.4034,56
2021,Middle Tennessee,69.6648,151,69.5568,118,88.5974,339,91.881,329,102.618,211,103.095,206,-11.2139,307
2021,Milwaukee,71.0041,95,70.0984,94,103.917,117,102.947,171,105.119,263,105.595,265,-2.64867,205
2021,Minnesota,70.7497,101,70.2625,90,101.023,179,109.434,73,102.636,212,94.0928,51,15.3411,57
2021,Mississippi,67.2075,266,65.0544,323,102.349,151,107.151,104,93.93,26,90.413,21,16.7383,48
2021,Mississippi St.,67.0465,277,65.6833,311,101.079,178,107.264,100,97.9847,79,94.6682,59,12.596,77
2021,Mississippi Valley St.,73.6406,25,71.4283,50,77.4964,347,79.6976,357,118.289,346,120.226,357,-40.5281,357
2021,Missouri,70.5204,112,68.7422,161,103.256,131,111.014,50,101.07,158,94.4617,58,16.5522,51
2021,Missouri St.,68.1739,215,69.4025,127,106.189,76,108.246,88,98.8662,105,97.434,97,10.812,88
2021,Monmouth,74.4259,14,74.4958,6,100.429,185,99.666,237,98.2821,88,104.122,229,-4.45616,227
2021,Montana,67.1141,275,66.0487,302,98.7218,219,98.7546,247,101.53,176,101.202,172,-2.44719,201
2021,Montana St.,69.1235,179,68.5822,170,101.134,175,99.4638,238,102.329,203,103.512,213,-4.04843,223
2021,Morehead St.,67.166,272,65.6126,312,100.374,187,100.909,214,94.537,36,95.6255,72,5.28363,128
2021,Morgan St.,75.6329,3,72.2116,32,103.288,130,100.564,222,97.3399,71,104.283,231,-3.71868,221
2021,Mount St. Mary's,63.7509,342,62.1956,356,98.9687,215,96.1742,287,97.0309,65,99.7808,137,-3.60661,219
2021,Murray St.,67.1782,269,66.4877,275,106.668,67,104.073,151,98.5828,94,102.503,196,1.56929,168
2021,N.C. State,68.472,200,68.1716,188,106.427,72,110.128,62,102.47,206,97.0763,91,13.052,73
2021,Navy,67.2145,265,66.2072,289,104.999,93,104.76,132,98.3615,90,102.662,199,2.09817,159
2021,Nebraska,72.6501,43,72.1261,36,93.7319,304,102.966,169,102.11,193,92.915,40,10.0508,94
2021,Nebraska Omaha,72.1185,54,71.0158,66,93.2355,310,94.5249,304,108.052,302,106.503,276,-11.9785,312
2021,Nevada,70.084,132,70.0716,96,104.742,97,109.765,69,99.767,126,98.9341,123,10.8312,87
2021,New Hampshire,67.3281,258,66.7719,266,97.2559,253,96.7381,281,99.3869,120,104.745,245,-8.007,265
2021,New Mexico,68.3528,206,68.0786,195,89.9176,333,92.4018,325,105.172,264,102.345,193,-9.94271,289
2021,New Mexico St.,65.5235,321,64.9785,325,105.508,87,104.364,141,100.252,139,102.277,192,2.08645,160
2021,New Orleans,74.2859,17,72.7342,24,101.278,171,97.8072,266,102.919,219,107.424,292,-9.6163,286
2021,Niagara,65.6081,320,64.8137,331,99.0947,212,100.48,225,99.4941,123,106.559,277,-6.07896,249
2021,Nicholls St.,73.9246,20,71.8711,44,103.03,140,100.688,217,98.7089,97,103.16,208,-2.4722,202
2021,NJIT,68.1476,216,68.5604,171,95.5768,279,94.8967,301,101.433,170,105.212,258,-10.3153,295
2021,Norfolk St.,72.0453,59,67.7102,220,104.011,113,101.356,204,97.4792,72,103.7,219,-2.34399,200
2021,North Alabama,70.1246,129,70.9424,71,96.7875,262,94.9935,300,102.405,204,104.437,237,-9.44382,283
2021,North Carolina,71.8804,66,71.846,45,105.059,92,110.853,52,96.582,62,89.3695,14,21.4838,27
2021,North Carolina A&T,73.1655,31,70.9284,73,94.2519,297,96.1374,288,101.773,185,105.636,266,-9.4991,285
2021,North Carolina Central,68.7271,187,66.2885,283,93.4704,306,94.0111,309,104.535,249,108.448,310,-14.437,327
2021,North Dakota,68.9293,183,67.4468,231,97.9501,236,97.6343,269,108.144,303,107.722,297,-10.0879,293
2021,North Dakota St.,66.5663,289,64.9208,329,104.29,106,103.665,162,100.752,154,100.531,155,3.13444,144
2021,North Florida,68.1185,217,66.7898,262,100.832,183,102.174,183,111.004,331,113.373,351,-11.1999,306
2021,North Texas,65.0818,331,63.1111,350,103.916,118,106.093,118,92.9394,19,93.0143,42,13.0791,72
2021,Northeastern,68.2626,212,67.3166,234,97.9204,239,99.356,241,99.2834,115,97.5603,98,1.79568,163
2021,Northern Arizona,65.3095,324,64.2423,341,96.3552,270,98.4434,251,113.457,340,112.556,348,-14.1125,326
2021,Northern Colorado,68.5382,197,68.1621,192,98.6378,222,98.9968,245,101.972,189,104.934,249,-5.93721,247
2021,Northern Illinois,67.4746,254,65.6899,310,91.9278,320,94.2985,306,113.644,341,109.928,323,-15.6299,335
2021,Northern Iowa,68.327,208,69.1424,142,98.6577,221,103.972,152,105.05,258,102.096,188,1.87581,162
2021,Northern Kentucky,66.2702,298,64.9973,324,106.186,77,104.917,128,106.044,279,106.699,281,-1.782,195
2021,Northwestern,69.337,170,68.7078,163,97.9519,235,105.481,124,101.666,183,92.0414,28,13.4394,70
2021,Northwestern St.,73.5925,27,71.1482,60,97.7214,242,97.1431,276,108.966,313,110.366,331,-13.2229,321
2021,Notre Dame,67.3793,257,67.5143,227,107.979,53,114.615,20,110.404,327,102.515,197,12.0999,81
2021,Oakland,70.6572,105,69.9741,100,102.752,144,104.957,127,111.426,333,107.798,299,-2.84096,207
2021,Ohio,71.7136,72,69.3351,131,112.226,17,113.749,29,102.559,210,101.26,174,12.4894,78
2021,Ohio St.,67.5307,253,67.1349,245,113.492,10,122.762,4,103.802,237,95.9929,76,26.7689,7
2021,Oklahoma,69.1751,175,67.6932,221,106.109,80,112.186,35,98.5625,92,94.153,53,18.0328,38
2021,Oklahoma St.,72.8164,37,71.9729,43,103.792,121,110.79,53,98.1737,85,90.6416,22,20.148,30
2021,Old Dominion,68.1936,214,67.743,217,99.0825,213,101.821,191,99.2319,113,99.043,124,2.77802,149
2021,Oral Roberts,72.7902,38,71.7856,47,108.965,37,109.392,75,106.738,283,106.788,285,2.60422,152
2021,Oregon,67.8562,233,67.2535,242,109.767,30,115.199,16,99.8891,130,96.1188,78,19.0801,36
2021,Oregon St.,65.632,319,65.4147,315,104.37,105,110.072,65,104.538,250,98.5003,116,11.5719,84
2021,Pacific,68.672,192,67.2757,240,97.9352,237,103.899,155,101.339,167,97.6065,100,6.29259,123
2021,Penn,0,348,69.3837,128,0,348,101.042,211,200,348,104.31,233,-3.268,213
2021,Penn St.,69.6508,153,69.4385,125,103.107,136,113.443,31,103.514,229,93.9257,49,19.5177,35
2021,Pepperdine,71.9102,64,71.4317,49,101.665,162,107.995,93,103.693,233,100.072,142,7.92345,113
2021,Pittsburgh,68.4727,199,68.5848,169,104.035,112,108.853,79,102.968,220,98.2973,115,10.5558,89
2021,Portland,72.7264,39,71.3951,52,91.8046,323,96.8803,279,116.914,345,111.453,340,-14.5729,328
2021,Portland St.,69.6563,152,69.5887,116,94.2757,296,92.9627,321,96.0539,54,100.094,144,-7.13099,257
2021,Prairie View A&M,70.6506,107,69.4832,122,101.007,180,94.8238,302,91.0238,9,100.754,161,-5.93038,246
2021,Presbyterian,66.294,297,66.0587,300,94.5234,293,91.4098,336,102.104,192,105.068,252,-13.6581,324
2021,Princeton,0,348,66.8457,258,0,348,104.796,131,200,348,102.903,202,1.893,161
2021,Providence,67.2028,267,66.5603,271,101.714,161,108.183,89,101.773,186,95.5223,71,12.6608,76
2021,Purdue,66.7936,283,66.4976,274,106.055,82,114.38,23,98.8645,104,90.7197,23,23.6599,13
2021,Purdue Fort Wayne,69.584,156,69.8796,109,103.937,116,101.437,203,109.601,318,109.957,325,-8.51978,271
2021,Quinnipiac,71.9511,60,72.2673,30,92.2098,317,90.2732,344,94.3902,34,99.7656,136,-9.49238,284
2021,Radford,64.53,335,63.7688,346,100.177,191,98.4405,252,100.359,140,103.73,221,-5.28929,235
2021,Rhode Island,70.1779,124,69.2704,134,99.5911,204,105.635,123,99.2661,114,96.5248,84,9.11042,105
2021,Rice,70.6,109,69.6095,115,101.367,170,104.532,136,104.795,254,105.549,263,-1.01679,189
2021,Richmond,70.0619,133,68.9279,150,106.125,78,111.375,45,100.464,145,97.268,95,14.1071,67
2021,Rider,68.6587,193,67.8926,208,97.9739,234,100.149,227,107.272,292,112.703,349,-12.5544,316
2021,Robert Morris,68.4276,202,67.5645,226,101.452,166,99.0898,243,112.728,338,109.244,317,-10.1542,294
2021,Rutgers,68.5249,198,67.7873,213,101.449,167,109.418,74,99.1205,111,89.8832,17,19.5345,34
2021,Sacramento St.,66.0185,311,65.6016,313,103.632,123,102.519,179,109.763,321,110.074,326,-7.55431,260
2021,Sacred Heart,67.9595,228,66.5524,272,101.116,176,99.3239,242,108.677,310,112.116,345,-12.7922,317
2021,Saint Joseph's,72.9381,35,72.3375,29,95.6623,276,102.102,185,109.87,322,104.028,227,-1.92627,197
2021,Saint Louis,68.4419,201,67.7937,212,110.041,28,111.681,40,94.8172,38,94.8831,62,16.7979,47
2021,Saint Mary's,65.9788,312,63.1526,347,97.3381,249,101.608,198,94.3811,32,88.789,10,12.8194,75
2021,Saint Peter's,68.012,225,67.0091,251,92.9223,315,91.2479,338,90.1816,8,94.8695,60,-3.62159,220
2021,Sam Houston St.,73.4427,29,71.1986,57,101.468,165,101.62,197,99.3547,118,101.555,181,0.0654339,184
2021,Samford,74.3736,15,73.0072,18,95.2185,285,97.1642,275,105.062,259,104.99,250,-7.82594,262
2021,San Diego,72.2493,52,70.4888,86,90.9599,331,97.6369,268,105.742,273,100.207,148,-2.57003,203
2021,San Diego St.,66.8552,281,66.0908,298,109.872,29,111.573,42,91.4916,11,88.8919,12,22.6812,20
2021,San Francisco,69.5405,160,68.0219,198,102.801,143,107.181,103,100.103,135,97.6857,101,9.49505,101
2021,San Jose St.,71.6579,74,72.0693,39,89.7785,334,96.5077,282,114.633,342,111.323,338,-14.8156,330
2021,Santa Clara,71.8079,69,70.7277,81,95.8519,274,100.574,220,98.7626,99,98.1488,109,2.42549,154
2021,Seattle,70.4265,114,69.0653,146,98.9639,216,98.5522,250,101.524,175,103.437,212,-4.88465,231
2021,Seton Hall,67.7765,235,66.7884,263,103.526,125,111.104,49,101.203,163,94.8821,61,16.2223,52
2021,Siena,66.1507,304,66.5184,273,102.04,155,100.453,226,95.019,42,100.838,163,-0.38432,186
2021,SIU Edwardsville,69.4845,166,68.5308,172,93.9383,302,93.3984,318,106.799,284,106.479,275,-13.0809,320
2021,SMU,70.8281,100,68.993,147,104.271,107,110.324,60,95.0259,43,95.102,64,15.2224,59
2021,South Alabama,67.5878,247,66.927,256,103.816,120,103.766,158,103.863,238,107.221,289,-3.45502,217
2021,South Carolina,75.275,10,74.9003,3,96.2642,272,104.428,140,105.072,260,98.1354,108,6.29268,122
2021,South Carolina St.,72.4347,47,71.9785,42,84.3024,343,87.7712,351,108.205,304,111.323,337,-23.5518,353
2021,South Dakota,70.1193,130,69.2528,135,107.865,56,107.239,101,104.812,255,106.264,272,0.975462,176
2021,South Dakota St.,71.8261,68,71.1985,58,111.333,21,111.323,46,103.638,231,104.29,232,7.03294,117
2021,South Florida,67.6815,243,67.0022,252,94.5872,290,100.931,213,104.353,246,100.226,149,0.704723,177
2021,Southeast Missouri St.,68.8898,185,68.7285,162,97.4579,247,96.2574,284,101.353,169,104.629,242,-8.37175,269
2021,Southeastern Louisiana,71.5795,78,68.8827,153,94.1119,299,93.3235,319,107.136,290,110.155,327,-16.8312,338
2021,Southern,72.6303,44,70.9305,72,94.5756,291,91.791,331,94.8612,40,103.706,220,-11.9147,311
2021,Southern Illinois,65.3514,323,66.481,276,97.0864,255,100.568,221,103.76,235,102.021,185,-1.45279,193
2021,Southern Miss,68.2022,213,67.7669,216,91.9041,321,93.5344,316,99.3929,121,100.458,154,-6.92357,254
2021,Southern Utah,71.002,96,70.2054,92,111.718,19,108.63,82,102.266,201,105.194,257,3.43631,140
2021,St. Bonaventure,65.0164,332,65.0738,321,108.47,45,111.392,44,92.482,18,90.0741,20,21.3176,28
2021,St. Francis NY,73.614,26,72.8496,22,104.884,96,102.007,188,107.04,288,111.998,344,-9.99064,291
2021,St. Francis PA,69.7196,149,68.889,151,97.536,245,95.7721,291,104.386,247,106.589,279,-10.8173,301
2021,St. John's,74.0972,19,73.6598,10,105.307,89,111.981,38,102.22,197,97.859,104,14.1217,66
2021,Stanford,69.7789,147,69.5259,119,98.3954,227,104.844,130,98.5941,95,93.1811,45,11.6627,83
2021,Stephen F. Austin,71.9496,61,69.9231,104,106.952,62,103.707,159,97.2718,69,101.3,175,2.40702,155
2021,Stetson,68.0391,223,68.7572,160,102.324,152,101.746,194,106.325,281,107.689,296,-5.94365,248
2021,Stony Brook,67.5462,251,66.7669,267,95.771,275,95.4796,298,97.6752,74,100.271,150,-4.7918,230
2021,Syracuse,69.6241,154,69.2247,138,108.366,46,114.564,22,101.139,162,96.942,88,17.6218,41
2021,Tarleton St.,65.9417,314,64.6916,334,96.9311,258,97.3639,272,103.204,225,105.4,261,-8.03607,266
2021,TCU,67.5781,248,66.951,255,98.07,232,105.001,126,104.907,256,101.154,170,3.84659,139
2021,Temple,68.2992,210,68.9463,149,96.4081,268,102.025,187,100.674,152,98.1591,111,3.86551,137
2021,Tennessee,68.813,186,67.2985,236,105.227,90,109.611,71,91.6883,14,87.1162,4,22.4953,21
2021,Tennessee Martin,68.3997,203,67.7134,219,92.9488,314,93.0261,320,112.088,334,112.325,347,-19.2993,347
2021,Tennessee St.,72.301,51,71.4888,48,92.1716,318,91.022,339,101.561,178,103.884,223,-12.8618,318
2021,Tennessee Tech,70.1558,127,69.1185,143,94.5294,292,96.8719,280,108.993,314,108.96,313,-12.0884,313
2021,Texas,69.609,155,69.2265,136,106.848,64,114.577,21,97.8468,76,92.6188,36,21.9582,25
2021,Texas A&M,66.1028,307,64.6346,336,97.2001,254,102.453,181,101.439,171,98.1708,113,4.28206,134
2021,Texas A&M Corpus Chris,70.8827,98,69.9052,107,89.4926,337,89.7842,347,104.56,251,108.099,304,-18.3152,345
2021,Texas Southern,73.4549,28,72.0025,41,99.7677,197,99.7262,236,95.3916,46,104.389,235,-4.66266,229
2021,Texas St.,63.5555,343,62.7881,354,101.4,169,99.9637,229,95.5963,49,100.067,141,-0.103195,185
2021,Texas Tech,66.9686,279,65.3668,316,107.923,54,113.106,33,93.8813,25,90.8225,24,22.2834,24
2021,The Citadel,74.4732,13,74.5256,5,103.951,115,104.697,134,110.458,328,108.089,303,-3.39237,216
2021,Toledo,70.3645,117,69.1152,144,114.55,6,115.634,13,101.591,179,101.068,166,14.5664,62
2021,Towson,66.9114,280,66.1086,296,99.27,208,99.9113,231,111.053,332,110.339,330,-10.4278,297
2021,Troy,69.5149,161,68.615,167,90.966,330,92.8266,323,102.826,216,103.787,222,-10.9609,304
2021,Tulane,67.7668,236,67.6174,224,94.4392,295,99.9491,230,98.3055,89,97.1926,94,2.75654,151
2021,Tulsa,67.131,273,65.812,306,96.7873,263,102.961,170,98.7836,101,97.0537,90,5.90768,125
2021,UAB,67.7806,234,67.319,233,103.67,122,104.148,148,90.1193,7,94.3968,57,9.75109,98
2021,UC Davis,70.3496,119,69.5105,120,98.1142,231,98.0856,256,100.167,137,101.923,184,-3.83777,222
2021,UC Irvine,68.1046,219,67.6858,222,99.6582,203,101.267,205,93.2185,22,93.1904,46,8.07625,109
2021,UC Riverside,66.82,282,66.998,254,103.82,119,103.518,163,94.0801,28,95.4921,69,8.02613,112
2021,UC San Diego,69.2322,173,70.0631,97,97.8434,240,101.931,189,109.987,326,107.573,295,-5.64209,241
2021,UC Santa Barbara,66.6897,288,66.1355,294,109.661,31,109.993,66,94.1696,29,96.3539,82,13.6393,69
2021,UCF,67.9533,230,67.4778,228,98.4945,223,106.627,111,101.505,173,97.3208,96,9.30588,103
2021,UCLA,65.2619,327,64.7087,332,108.256,48,114.159,25,102.131,195,96.8434,87,17.3152,45
2021,UMass Lowell,69.2522,172,69.3592,129,99.134,211,100.482,224,102.407,205,105.028,251,-4.54621,228
2021,UMBC,68.7244,188,67.9033,206,101.509,164,101.466,201,94.6609,37,99.7463,133,1.72016,166
2021,UMKC,64.1331,340,62.8938,353,97.315,250,96.2163,286,100.83,155,99.7373,132,-3.52105,218
2021,UNC Asheville,69.8806,144,68.5266,173,102.942,141,101.466,202,102.499,207,106.758,284,-5.29137,236
2021,UNC Greensboro,70.3313,120,68.5079,174,104.391,104,104.867,129,95.5017,48,95.3059,67,9.56131,100
2021,UNC Wilmington,70.0283,135,69.3412,130,104.911,94,102.819,173,105.079,261,108.383,309,-5.56397,239
2021,UNLV,66.7065,287,66.3609,281,101.179,173,104.734,133,104.425,248,103.34,211,1.39462,169
2021,USC,67.5611,249,67.3075,235,108.537,44,113.63,30,94.8746,41,90.0045,18,23.6251,14
2021,USC Upstate,68.696,191,68.6147,168,95.5876,277,95.5802,295,107.425,295,108.475,311,-12.8945,319
2021,UT Arlington,70.2587,122,69.5799,117,98.367,228,98.7086,249,101.973,190,105.363,260,-6.6549,253
2021,UT Rio Grande Valley,71.7517,70,69.9451,103,91.3584,326,92.11,328,97.9872,80,102.119,189,-10.0088,292
2021,Utah,67.6584,245,67.9557,201,105.411,88,111.255,47,102.266,200,98.1714,114,13.0835,71
2021,Utah St.,69.4931,165,68.8828,152,104.427,102,106.482,112,89.3923,6,88.5811,9,17.9014,40
2021,Utah Valley,71.3496,85,70.5412,85,101.139,174,100.785,216,103.575,230,103.93,225,-3.1449,211
2021,UTEP,68.0798,220,68.1625,191,100.014,195,103.914,154,100.361,141,99.7646,135,4.14969,135
2021,UTSA,72.0568,58,72.1378,35,103.479,127,106.986,106,104.723,253,105.341,259,1.64486,167
2021,Valparaiso,67.0505,276,67.2911,238,93.3652,308,97.2611,273,101.712,184,98.5258,117,-1.26466,191
2021,Vanderbilt,69.5795,157,68.9556,148,103.039,139,109.696,70,103.71,234,99.6925,131,10.0036,96
2021,VCU,70.3794,116,69.7657,110,101.755,160,106.073,119,91.4534,10,88.5181,8,17.5546,43
2021,Vermont,66.5212,290,66.7039,270,108.363,47,106.247,116,93.9803,27,101.218,173,5.02895,130
2021,Villanova,66.2426,300,65.084,319,113.621,9,119.35,8,100.98,156,95.3327,68,24.0175,12
2021,Virginia,60.7903,347,60.0907,357,112.421,14,116.382,12,98.7173,98,92.3322,32,24.0495,10
2021,Virginia Tech,66.4982,291,66.1682,293,106.985,60,110.789,54,97.7696,75,94.1733,54,16.6162,50
2021,VMI,71.6064,76,70.2305,91,106.956,61,108.584,83,106.853,286,105.694,267,2.88998,148
2021,Wagner,66.7789,285,65.8633,305,104.73,98,101.924,190,100.486,147,105.121,254,-3.19658,212
2021,Wake Forest,67.1677,271,67.2722,241,97.3143,251,102.147,184,107.736,298,100.811,162,1.33579,170
2021,Washington,71.0067,94,71.3382,53,95.3121,282,102.688,175,108.765,311,101.536,180,1.15167,173
2021,Washington St.,68.6422,195,67.9002,207,97.4812,246,101.198,208,95.9845,52,92.4376,35,8.76016,107
2021,Weber St.,71.5481,80,72.1792,33,110.73,24,107.744,98,99.128,112,102.398,195,5.34558,127
2021,West Virginia,70.6837,104,69.6227,114,107.886,55,116.876,11,100.446,143,95.1688,65,21.7073,26
2021,Western Carolina,72.0674,57,70.8286,78,100.007,196,100.612,219,107.82,300,105.923,269,-5.31026,237
2021,Western Illinois,73.7429,24,71.8106,46,98.7574,218,98.0637,259,109.193,315,109.021,315,-10.9572,303
2021,Western Kentucky,69.4948,163,67.8502,209,103.969,114,106.41,113,96.859,64,96.3888,83,10.0212,95
2021,Western Michigan,68.0194,224,66.2866,284,93.212,311,95.8211,290,107.748,299,103.898,224,-8.07742,267
2021,Wichita St.,67.952,231,67.5994,225,104.413,103,110.771,55,100.617,151,97.8445,103,12.927,74
2021,William & Mary,67.2316,263,68.3948,180,95.0769,287,95.654,294,106.871,287,106.131,271,-10.4771,298
2021,Winthrop,72.7021,40,73.6577,11,109.293,36,105.84,120,91.6949,15,95.4978,70,10.3424,92
2021,Wisconsin,65.7692,317,64.9486,327,105.076,91,113.277,32,97.043,66,89.2305,13,24.0467,11
2021,Wofford,67.2673,262,66.1991,291,106.371,74,107.09,105,103.456,228,101.043,165,6.04676,124
2021,Wright St.,72.11,55,71.4093,51,113.038,11,109.375,76,93.0483,20,95.2147,66,14.1599,65
2021,Wyoming,69.9863,137,69.3315,132,108.1,51,109.925,67,107.28,293,108.135,305,1.79059,164
2021,Xavier,69.5632,158,68.2282,187,106.368,75,111.467,43,99.8495,128,96.7345,85,14.733,61
2021,Yale,0,348,68.1427,193,0,348,107.883,95,200,348,101.034,164,6.849,119
2021,Youngstown St.,68.3325,207,67.9409,204,106.102,81,103.284,167,108.592,309,108.185,306,-4.90116,232
